,city,min_1,max_1,p05_1,p995_1,mean_1,min_2,max_2,p05_2,p995_2,mean_2,min_3,max_3,p05_3,p995_3,mean_3,min_4,max_4,p05_4,p995_4,mean_4
0,TOULOUSE,0.027740102261304855,1.0329269170761108,0.036302247196435926,0.3342917913198471,0.2322929333724524,0.04800046235322952,0.9886831045150757,0.05784086156636477,0.30267499417066535,0.21332339314181334,0.07036241143941879,0.9419602751731873,0.07892289012670517,0.2908809286355971,0.18634159752298723,0.01943548023700714,1.0317635536193848,0.02462615104392171,0.4090191999077796,0.47588242820555293
1,TOULOUSE,0.027740102261304855,1.0329269170761108,0.036302247196435926,0.3342917913198471,0.2322929333724524,0.04800046235322952,0.9886831045150757,0.05784086156636477,0.30267499417066535,0.21332339314181334,0.07036241143941879,0.9419602751731873,0.07892289012670517,0.2908809286355971,0.18634159752298723,0.01943548023700714,1.0317635536193848,0.02462615104392171,0.4090191999077796,0.47588242820555293
2,TOULOUSE,0.027740102261304855,1.0329269170761108,0.036302247196435926,0.3342917913198471,0.2322929333724524,0.04800046235322952,0.9886831045150757,0.05784086156636477,0.30267499417066535,0.21332339314181334,0.07036241143941879,0.9419602751731873,0.07892289012670517,0.2908809286355971,0.18634159752298723,0.01943548023700714,1.0317635536193848,0.02462615104392171,0.4090191999077796,0.47588242820555293
3,TOULOUSE,0.027740102261304855,1.0329269170761108,0.036302247196435926,0.3342917913198471,0.2322929333724524,0.04800046235322952,0.9886831045150757,0.05784086156636477,0.30267499417066535,0.21332339314181334,0.07036241143941879,0.9419602751731873,0.07892289012670517,0.2908809286355971,0.18634159752298723,0.01943548023700714,1.0317635536193848,0.02462615104392171,0.4090191999077796,0.47588242820555293
4,TOULOUSE,0.027740102261304855,1.0329269170761108,0.036302247196435926,0.3342917913198471,0.2322929333724524,0.04800046235322952,0.9886831045150757,0.05784086156636477,0.30267499417066535,0.21332339314181334,0.07036241143941879,0.9419602751731873,0.07892289012670517,0.2908809286355971,0.18634159752298723,0.01943548023700714,1.0317635536193848,0.02462615104392171,0.4090191999077796,0.47588242820555293
5,TOULOUSE,0.027740102261304855,1.0329269170761108,0.036302247196435926,0.3342917913198471,0.2322929333724524,0.04800046235322952,0.9886831045150757,0.05784086156636477,0.30267499417066535,0.21332339314181334,0.07036241143941879,0.9419602751731873,0.07892289012670517,0.2908809286355971,0.18634159752298723,0.01943548023700714,1.0317635536193848,0.02462615104392171,0.4090191999077796,0.47588242820555293
6,TOULOUSE,0.027740102261304855,1.0329269170761108,0.036302247196435926,0.3342917913198471,0.2322929333724524,0.04800046235322952,0.9886831045150757,0.05784086156636477,0.30267499417066535,0.21332339314181334,0.07036241143941879,0.9419602751731873,0.07892289012670517,0.2908809286355971,0.18634159752298723,0.01943548023700714,1.0317635536193848,0.02462615104392171,0.4090191999077796,0.47588242820555293
7,TOULOUSE,0.027740102261304855,1.0329269170761108,0.036302247196435926,0.3342917913198471,0.2322929333724524,0.04800046235322952,0.9886831045150757,0.05784086156636477,0.30267499417066535,0.21332339314181334,0.07036241143941879,0.9419602751731873,0.07892289012670517,0.2908809286355971,0.18634159752298723,0.01943548023700714,1.0317635536193848,0.02462615104392171,0.4090191999077796,0.47588242820555293
8,TOULOUSE,0.027740102261304855,1.0329269170761108,0.036302247196435926,0.3342917913198471,0.2322929333724524,0.04800046235322952,0.9886831045150757,0.05784086156636477,0.30267499417066535,0.21332339314181334,0.07036241143941879,0.9419602751731873,0.07892289012670517,0.2908809286355971,0.18634159752298723,0.01943548023700714,1.0317635536193848,0.02462615104392171,0.4090191999077796,0.47588242820555293
9,TOULOUSE,0.027740102261304855,1.0329269170761108,0.036302247196435926,0.3342917913198471,0.2322929333724524,0.04800046235322952,0.9886831045150757,0.05784086156636477,0.30267499417066535,0.21332339314181334,0.07036241143941879,0.9419602751731873,0.07892289012670517,0.2908809286355971,0.18634159752298723,0.01943548023700714,1.0317635536193848,0.02462615104392171,0.4090191999077796,0.47588242820555293
10,ARCACHON,0.023468179628252983,0.9582019448280334,0.027189286537468434,0.31152989447116713,0.088320155158152,0.04459652677178383,0.8633983135223389,0.0521648833155632,0.2605648845434188,0.11079541543414802,0.06431910395622253,0.8096190690994263,0.07210495367646218,0.22253966271877262,0.13015157020790408,0.011227011680603027,0.9579987525939941,0.013727957494556903,0.3703592729568479,0.1776399906871471
11,ARCACHON,0.023468179628252983,0.9582019448280334,0.027189286537468434,0.31152989447116713,0.088320155158152,0.04459652677178383,0.8633983135223389,0.0521648833155632,0.2605648845434188,0.11079541543414802,0.06431910395622253,0.8096190690994263,0.07210495367646218,0.22253966271877262,0.13015157020790408,0.011227011680603027,0.9579987525939941,0.013727957494556903,0.3703592729568479,0.1776399906871471
12,ARCACHON,0.023468179628252983,0.9582019448280334,0.027189286537468434,0.31152989447116713,0.088320155158152,0.04459652677178383,0.8633983135223389,0.0521648833155632,0.2605648845434188,0.11079541543414802,0.06431910395622253,0.8096190690994263,0.07210495367646218,0.22253966271877262,0.13015157020790408,0.011227011680603027,0.9579987525939941,0.013727957494556903,0.3703592729568479,0.1776399906871471
13,ARCACHON,0.023468179628252983,0.9582019448280334,0.027189286537468434,0.31152989447116713,0.088320155158152,0.04459652677178383,0.8633983135223389,0.0521648833155632,0.2605648845434188,0.11079541543414802,0.06431910395622253,0.8096190690994263,0.07210495367646218,0.22253966271877262,0.13015157020790408,0.011227011680603027,0.9579987525939941,0.013727957494556903,0.3703592729568479,0.1776399906871471
14,ARCACHON,0.023468179628252983,0.9582019448280334,0.027189286537468434,0.31152989447116713,0.088320155158152,0.04459652677178383,0.8633983135223389,0.0521648833155632,0.2605648845434188,0.11079541543414802,0.06431910395622253,0.8096190690994263,0.07210495367646218,0.22253966271877262,0.13015157020790408,0.011227011680603027,0.9579987525939941,0.013727957494556903,0.3703592729568479,0.1776399906871471
15,ARCACHON,0.023468179628252983,0.9582019448280334,0.027189286537468434,0.31152989447116713,0.088320155158152,0.04459652677178383,0.8633983135223389,0.0521648833155632,0.2605648845434188,0.11079541543414802,0.06431910395622253,0.8096190690994263,0.07210495367646218,0.22253966271877262,0.13015157020790408,0.011227011680603027,0.9579987525939941,0.013727957494556903,0.3703592729568479,0.1776399906871471
16,ARCACHON,0.023468179628252983,0.9582019448280334,0.027189286537468434,0.31152989447116713,0.088320155158152,0.04459652677178383,0.8633983135223389,0.0521648833155632,0.2605648845434188,0.11079541543414802,0.06431910395622253,0.8096190690994263,0.07210495367646218,0.22253966271877262,0.13015157020790408,0.011227011680603027,0.9579987525939941,0.013727957494556903,0.3703592729568479,0.1776399906871471
17,ARCACHON,0.023468179628252983,0.9582019448280334,0.027189286537468434,0.31152989447116713,0.088320155158152,0.04459652677178383,0.8633983135223389,0.0521648833155632,0.2605648845434188,0.11079541543414802,0.06431910395622253,0.8096190690994263,0.07210495367646218,0.22253966271877262,0.13015157020790408,0.011227011680603027,0.9579987525939941,0.013727957494556903,0.3703592729568479,0.1776399906871471
18,ARCACHON,0.023468179628252983,0.9582019448280334,0.027189286537468434,0.31152989447116713,0.088320155158152,0.04459652677178383,0.8633983135223389,0.0521648833155632,0.2605648845434188,0.11079541543414802,0.06431910395622253,0.8096190690994263,0.07210495367646218,0.22253966271877262,0.13015157020790408,0.011227011680603027,0.9579987525939941,0.013727957494556903,0.3703592729568479,0.1776399906871471
19,ARCACHON,0.023468179628252983,0.9582019448280334,0.027189286537468434,0.31152989447116713,0.088320155158152,0.04459652677178383,0.8633983135223389,0.0521648833155632,0.2605648845434188,0.11079541543414802,0.06431910395622253,0.8096190690994263,0.07210495367646218,0.22253966271877262,0.13015157020790408,0.011227011680603027,0.9579987525939941,0.013727957494556903,0.3703592729568479,0.1776399906871471
20,BIARRITZ,0.023468520492315292,0.9998283386230469,0.02796840026974678,0.27956288576125976,0.14554847666023027,0.04082199186086655,0.9111181497573853,0.048358231335878375,0.2513688004016854,0.17126741224187023,0.061801325529813766,0.8794745206832886,0.06740183353424073,0.24332184314727734,0.14362157103449025,0.012328098528087139,1.025996208190918,0.015195255056023598,0.4711426794528961,0.4990503983299012
21,BIARRITZ,0.023468520492315292,0.9998283386230469,0.02796840026974678,0.27956288576125976,0.14554847666023027,0.04082199186086655,0.9111181497573853,0.048358231335878375,0.2513688004016854,0.17126741224187023,0.061801325529813766,0.8794745206832886,0.06740183353424073,0.24332184314727734,0.14362157103449025,0.012328098528087139,1.025996208190918,0.015195255056023598,0.4711426794528961,0.4990503983299012
22,BIARRITZ,0.023468520492315292,0.9998283386230469,0.02796840026974678,0.27956288576125976,0.14554847666023027,0.04082199186086655,0.9111181497573853,0.048358231335878375,0.2513688004016854,0.17126741224187023,0.061801325529813766,0.8794745206832886,0.06740183353424073,0.24332184314727734,0.14362157103449025,0.012328098528087139,1.025996208190918,0.015195255056023598,0.4711426794528961,0.4990503983299012
23,BIARRITZ,0.023468520492315292,0.9998283386230469,0.02796840026974678,0.27956288576125976,0.14554847666023027,0.04082199186086655,0.9111181497573853,0.048358231335878375,0.2513688004016854,0.17126741224187023,0.061801325529813766,0.8794745206832886,0.06740183353424073,0.24332184314727734,0.14362157103449025,0.012328098528087139,1.025996208190918,0.015195255056023598,0.4711426794528961,0.4990503983299012
24,BIARRITZ,0.023468520492315292,0.9998283386230469,0.02796840026974678,0.27956288576125976,0.14554847666023027,0.04082199186086655,0.9111181497573853,0.048358231335878375,0.2513688004016854,0.17126741224187023,0.061801325529813766,0.8794745206832886,0.06740183353424073,0.24332184314727734,0.14362157103449025,0.012328098528087139,1.025996208190918,0.015195255056023598,0.4711426794528961,0.4990503983299012
25,BIARRITZ,0.023468520492315292,0.9998283386230469,0.02796840026974678,0.27956288576125976,0.14554847666023027,0.04082199186086655,0.9111181497573853,0.048358231335878375,0.2513688004016854,0.17126741224187023,0.061801325529813766,0.8794745206832886,0.06740183353424073,0.24332184314727734,0.14362157103449025,0.012328098528087139,1.025996208190918,0.015195255056023598,0.4711426794528961,0.4990503983299012
26,BIARRITZ,0.023468520492315292,0.9998283386230469,0.02796840026974678,0.27956288576125976,0.14554847666023027,0.04082199186086655,0.9111181497573853,0.048358231335878375,0.2513688004016854,0.17126741224187023,0.061801325529813766,0.8794745206832886,0.06740183353424073,0.24332184314727734,0.14362157103449025,0.012328098528087139,1.025996208190918,0.015195255056023598,0.4711426794528961,0.4990503983299012
27,BIARRITZ,0.023468520492315292,0.9998283386230469,0.02796840026974678,0.27956288576125976,0.14554847666023027,0.04082199186086655,0.9111181497573853,0.048358231335878375,0.2513688004016854,0.17126741224187023,0.061801325529813766,0.8794745206832886,0.06740183353424073,0.24332184314727734,0.14362157103449025,0.012328098528087139,1.025996208190918,0.015195255056023598,0.4711426794528961,0.4990503983299012
28,BIARRITZ,0.023468520492315292,0.9998283386230469,0.02796840026974678,0.27956288576125976,0.14554847666023027,0.04082199186086655,0.9111181497573853,0.048358231335878375,0.2513688004016854,0.17126741224187023,0.061801325529813766,0.8794745206832886,0.06740183353424073,0.24332184314727734,0.14362157103449025,0.012328098528087139,1.025996208190918,0.015195255056023598,0.4711426794528961,0.4990503983299012
29,BIARRITZ,0.023468520492315292,0.9998283386230469,0.02796840026974678,0.27956288576125976,0.14554847666023027,0.04082199186086655,0.9111181497573853,0.048358231335878375,0.2513688004016854,0.17126741224187023,0.061801325529813766,0.8794745206832886,0.06740183353424073,0.24332184314727734,0.14362157103449025,0.012328098528087139,1.025996208190918,0.015195255056023598,0.4711426794528961,0.4990503983299012
30,BRISBANE,0.024809544906020164,1.0026251077651978,0.032793812453746796,0.4374247503280646,0.15144514760403532,0.04335174337029457,0.9160682559013367,0.0533410875685513,0.41816927552223504,0.14870506470409525,0.06272601336240768,0.884599506855011,0.07114716865122318,0.39082583844661745,0.13717952974956754,0.01495517697185278,1.0175079107284546,0.01651104445569217,0.462308528721334,0.4231985720546869
31,BRISBANE,0.024809544906020164,1.0026251077651978,0.032793812453746796,0.4374247503280646,0.15144514760403532,0.04335174337029457,0.9160682559013367,0.0533410875685513,0.41816927552223504,0.14870506470409525,0.06272601336240768,0.884599506855011,0.07114716865122318,0.39082583844661745,0.13717952974956754,0.01495517697185278,1.0175079107284546,0.01651104445569217,0.462308528721334,0.4231985720546869
32,BRISBANE,0.024809544906020164,1.0026251077651978,0.032793812453746796,0.4374247503280646,0.15144514760403532,0.04335174337029457,0.9160682559013367,0.0533410875685513,0.41816927552223504,0.14870506470409525,0.06272601336240768,0.884599506855011,0.07114716865122318,0.39082583844661745,0.13717952974956754,0.01495517697185278,1.0175079107284546,0.01651104445569217,0.462308528721334,0.4231985720546869
33,BRISBANE,0.024809544906020164,1.0026251077651978,0.032793812453746796,0.4374247503280646,0.15144514760403532,0.04335174337029457,0.9160682559013367,0.0533410875685513,0.41816927552223504,0.14870506470409525,0.06272601336240768,0.884599506855011,0.07114716865122318,0.39082583844661745,0.13717952974956754,0.01495517697185278,1.0175079107284546,0.01651104445569217,0.462308528721334,0.4231985720546869
34,BRISBANE,0.024809544906020164,1.0026251077651978,0.032793812453746796,0.4374247503280646,0.15144514760403532,0.04335174337029457,0.9160682559013367,0.0533410875685513,0.41816927552223504,0.14870506470409525,0.06272601336240768,0.884599506855011,0.07114716865122318,0.39082583844661745,0.13717952974956754,0.01495517697185278,1.0175079107284546,0.01651104445569217,0.462308528721334,0.4231985720546869
35,BRISBANE,0.024809544906020164,1.0026251077651978,0.032793812453746796,0.4374247503280646,0.15144514760403532,0.04335174337029457,0.9160682559013367,0.0533410875685513,0.41816927552223504,0.14870506470409525,0.06272601336240768,0.884599506855011,0.07114716865122318,0.39082583844661745,0.13717952974956754,0.01495517697185278,1.0175079107284546,0.01651104445569217,0.462308528721334,0.4231985720546869
36,BRISBANE,0.024809544906020164,1.0026251077651978,0.032793812453746796,0.4374247503280646,0.15144514760403532,0.04335174337029457,0.9160682559013367,0.0533410875685513,0.41816927552223504,0.14870506470409525,0.06272601336240768,0.884599506855011,0.07114716865122318,0.39082583844661745,0.13717952974956754,0.01495517697185278,1.0175079107284546,0.01651104445569217,0.462308528721334,0.4231985720546869
37,BRISBANE,0.024809544906020164,1.0026251077651978,0.032793812453746796,0.4374247503280646,0.15144514760403532,0.04335174337029457,0.9160682559013367,0.0533410875685513,0.41816927552223504,0.14870506470409525,0.06272601336240768,0.884599506855011,0.07114716865122318,0.39082583844661745,0.13717952974956754,0.01495517697185278,1.0175079107284546,0.01651104445569217,0.462308528721334,0.4231985720546869
38,BRISBANE,0.024809544906020164,1.0026251077651978,0.032793812453746796,0.4374247503280646,0.15144514760403532,0.04335174337029457,0.9160682559013367,0.0533410875685513,0.41816927552223504,0.14870506470409525,0.06272601336240768,0.884599506855011,0.07114716865122318,0.39082583844661745,0.13717952974956754,0.01495517697185278,1.0175079107284546,0.01651104445569217,0.462308528721334,0.4231985720546869
39,BRISBANE,0.024809544906020164,1.0026251077651978,0.032793812453746796,0.4374247503280646,0.15144514760403532,0.04335174337029457,0.9160682559013367,0.0533410875685513,0.41816927552223504,0.14870506470409525,0.06272601336240768,0.884599506855011,0.07114716865122318,0.39082583844661745,0.13717952974956754,0.01495517697185278,1.0175079107284546,0.01651104445569217,0.462308528721334,0.4231985720546869
40,BUENOS-AIRES,0.030589381232857704,0.9956557154655457,0.04349132563918829,0.5603078627586351,0.22271801529092972,0.05251734331250191,0.9209484457969666,0.06887101590633393,0.5123479187488544,0.20075388430417881,0.07359664142131805,0.8769384026527405,0.08569765709340572,0.4792527922987927,0.19167928533124443,0.023873858153820038,0.9985303282737732,0.041058162190020085,0.5984722971916199,0.367835613620333
41,BUENOS-AIRES,0.030589381232857704,0.9956557154655457,0.04349132563918829,0.5603078627586351,0.22271801529092972,0.05251734331250191,0.9209484457969666,0.06887101590633393,0.5123479187488544,0.20075388430417881,0.07359664142131805,0.8769384026527405,0.08569765709340572,0.4792527922987927,0.19167928533124443,0.023873858153820038,0.9985303282737732,0.041058162190020085,0.5984722971916199,0.367835613620333
42,BUENOS-AIRES,0.030589381232857704,0.9956557154655457,0.04349132563918829,0.5603078627586351,0.22271801529092972,0.05251734331250191,0.9209484457969666,0.06887101590633393,0.5123479187488544,0.20075388430417881,0.07359664142131805,0.8769384026527405,0.08569765709340572,0.4792527922987927,0.19167928533124443,0.023873858153820038,0.9985303282737732,0.041058162190020085,0.5984722971916199,0.367835613620333
43,BUENOS-AIRES,0.030589381232857704,0.9956557154655457,0.04349132563918829,0.5603078627586351,0.22271801529092972,0.05251734331250191,0.9209484457969666,0.06887101590633393,0.5123479187488544,0.20075388430417881,0.07359664142131805,0.8769384026527405,0.08569765709340572,0.4792527922987927,0.19167928533124443,0.023873858153820038,0.9985303282737732,0.041058162190020085,0.5984722971916199,0.367835613620333
44,BUENOS-AIRES,0.030589381232857704,0.9956557154655457,0.04349132563918829,0.5603078627586351,0.22271801529092972,0.05251734331250191,0.9209484457969666,0.06887101590633393,0.5123479187488544,0.20075388430417881,0.07359664142131805,0.8769384026527405,0.08569765709340572,0.4792527922987927,0.19167928533124443,0.023873858153820038,0.9985303282737732,0.041058162190020085,0.5984722971916199,0.367835613620333
45,BUENOS-AIRES,0.030589381232857704,0.9956557154655457,0.04349132563918829,0.5603078627586351,0.22271801529092972,0.05251734331250191,0.9209484457969666,0.06887101590633393,0.5123479187488544,0.20075388430417881,0.07359664142131805,0.8769384026527405,0.08569765709340572,0.4792527922987927,0.19167928533124443,0.023873858153820038,0.9985303282737732,0.041058162190020085,0.5984722971916199,0.367835613620333
46,BUENOS-AIRES,0.030589381232857704,0.9956557154655457,0.04349132563918829,0.5603078627586351,0.22271801529092972,0.05251734331250191,0.9209484457969666,0.06887101590633393,0.5123479187488544,0.20075388430417881,0.07359664142131805,0.8769384026527405,0.08569765709340572,0.4792527922987927,0.19167928533124443,0.023873858153820038,0.9985303282737732,0.041058162190020085,0.5984722971916199,0.367835613620333
47,BUENOS-AIRES,0.030589381232857704,0.9956557154655457,0.04349132563918829,0.5603078627586351,0.22271801529092972,0.05251734331250191,0.9209484457969666,0.06887101590633393,0.5123479187488544,0.20075388430417881,0.07359664142131805,0.8769384026527405,0.08569765709340572,0.4792527922987927,0.19167928533124443,0.023873858153820038,0.9985303282737732,0.041058162190020085,0.5984722971916199,0.367835613620333
48,BUENOS-AIRES,0.030589381232857704,0.9956557154655457,0.04349132563918829,0.5603078627586351,0.22271801529092972,0.05251734331250191,0.9209484457969666,0.06887101590633393,0.5123479187488544,0.20075388430417881,0.07359664142131805,0.8769384026527405,0.08569765709340572,0.4792527922987927,0.19167928533124443,0.023873858153820038,0.9985303282737732,0.041058162190020085,0.5984722971916199,0.367835613620333
49,BUENOS-AIRES,0.030589381232857704,0.9956557154655457,0.04349132563918829,0.5603078627586351,0.22271801529092972,0.05251734331250191,0.9209484457969666,0.06887101590633393,0.5123479187488544,0.20075388430417881,0.07359664142131805,0.8769384026527405,0.08569765709340572,0.4792527922987927,0.19167928533124443,0.023873858153820038,0.9985303282737732,0.041058162190020085,0.5984722971916199,0.367835613620333
50,CAN-THO,0.05816727504134178,1.021134614944458,0.07244526654481888,0.3087594938278194,0.20790329943143504,0.07939120382070541,0.9924121499061584,0.09757004231214524,0.3155441212654112,0.18860664450094605,0.09738953411579132,0.9440069794654846,0.11130786404013633,0.3074285924434639,0.17261676141180182,0.07176505774259567,1.0175862312316895,0.08281041741371155,0.3913288068771361,0.43630283009729437
51,CAN-THO,0.05816727504134178,1.021134614944458,0.07244526654481888,0.3087594938278194,0.20790329943143504,0.07939120382070541,0.9924121499061584,0.09757004231214524,0.3155441212654112,0.18860664450094605,0.09738953411579132,0.9440069794654846,0.11130786404013633,0.3074285924434639,0.17261676141180182,0.07176505774259567,1.0175862312316895,0.08281041741371155,0.3913288068771361,0.43630283009729437
52,CAN-THO,0.05816727504134178,1.021134614944458,0.07244526654481888,0.3087594938278194,0.20790329943143504,0.07939120382070541,0.9924121499061584,0.09757004231214524,0.3155441212654112,0.18860664450094605,0.09738953411579132,0.9440069794654846,0.11130786404013633,0.3074285924434639,0.17261676141180182,0.07176505774259567,1.0175862312316895,0.08281041741371155,0.3913288068771361,0.43630283009729437
53,CAN-THO,0.05816727504134178,1.021134614944458,0.07244526654481888,0.3087594938278194,0.20790329943143504,0.07939120382070541,0.9924121499061584,0.09757004231214524,0.3155441212654112,0.18860664450094605,0.09738953411579132,0.9440069794654846,0.11130786404013633,0.3074285924434639,0.17261676141180182,0.07176505774259567,1.0175862312316895,0.08281041741371155,0.3913288068771361,0.43630283009729437
54,CAN-THO,0.05816727504134178,1.021134614944458,0.07244526654481888,0.3087594938278194,0.20790329943143504,0.07939120382070541,0.9924121499061584,0.09757004231214524,0.3155441212654112,0.18860664450094605,0.09738953411579132,0.9440069794654846,0.11130786404013633,0.3074285924434639,0.17261676141180182,0.07176505774259567,1.0175862312316895,0.08281041741371155,0.3913288068771361,0.43630283009729437
55,CAN-THO,0.05816727504134178,1.021134614944458,0.07244526654481888,0.3087594938278194,0.20790329943143504,0.07939120382070541,0.9924121499061584,0.09757004231214524,0.3155441212654112,0.18860664450094605,0.09738953411579132,0.9440069794654846,0.11130786404013633,0.3074285924434639,0.17261676141180182,0.07176505774259567,1.0175862312316895,0.08281041741371155,0.3913288068771361,0.43630283009729437
56,CAN-THO,0.05816727504134178,1.021134614944458,0.07244526654481888,0.3087594938278194,0.20790329943143504,0.07939120382070541,0.9924121499061584,0.09757004231214524,0.3155441212654112,0.18860664450094605,0.09738953411579132,0.9440069794654846,0.11130786404013633,0.3074285924434639,0.17261676141180182,0.07176505774259567,1.0175862312316895,0.08281041741371155,0.3913288068771361,0.43630283009729437
57,CAN-THO,0.05816727504134178,1.021134614944458,0.07244526654481888,0.3087594938278194,0.20790329943143504,0.07939120382070541,0.9924121499061584,0.09757004231214524,0.3155441212654112,0.18860664450094605,0.09738953411579132,0.9440069794654846,0.11130786404013633,0.3074285924434639,0.17261676141180182,0.07176505774259567,1.0175862312316895,0.08281041741371155,0.3913288068771361,0.43630283009729437
58,CAN-THO,0.05816727504134178,1.021134614944458,0.07244526654481888,0.3087594938278194,0.20790329943143504,0.07939120382070541,0.9924121499061584,0.09757004231214524,0.3155441212654112,0.18860664450094605,0.09738953411579132,0.9440069794654846,0.11130786404013633,0.3074285924434639,0.17261676141180182,0.07176505774259567,1.0175862312316895,0.08281041741371155,0.3913288068771361,0.43630283009729437
59,CAN-THO,0.05816727504134178,1.021134614944458,0.07244526654481888,0.3087594938278194,0.20790329943143504,0.07939120382070541,0.9924121499061584,0.09757004231214524,0.3155441212654112,0.18860664450094605,0.09738953411579132,0.9440069794654846,0.11130786404013633,0.3074285924434639,0.17261676141180182,0.07176505774259567,1.0175862312316895,0.08281041741371155,0.3913288068771361,0.43630283009729437
60,HELSINKI,0.056970953941345215,2.564197301864624,0.0603251214325428,0.7261659729480743,0.5168352730334982,0.085987888276577,2.434401750564575,0.09343997709453106,0.6882760828733435,0.5325849952463234,0.1298912763595581,2.313936233520508,0.14169982716441154,0.7002311140298833,0.5450552276740573,0.03211687505245209,2.673978328704834,0.034977892339229585,0.8408818745613087,0.4971066366465454
61,HELSINKI,0.056970953941345215,2.564197301864624,0.0603251214325428,0.7261659729480743,0.5168352730334982,0.085987888276577,2.434401750564575,0.09343997709453106,0.6882760828733435,0.5325849952463234,0.1298912763595581,2.313936233520508,0.14169982716441154,0.7002311140298833,0.5450552276740573,0.03211687505245209,2.673978328704834,0.034977892339229585,0.8408818745613087,0.4971066366465454
62,HELSINKI,0.056970953941345215,2.564197301864624,0.0603251214325428,0.7261659729480743,0.5168352730334982,0.085987888276577,2.434401750564575,0.09343997709453106,0.6882760828733435,0.5325849952463234,0.1298912763595581,2.313936233520508,0.14169982716441154,0.7002311140298833,0.5450552276740573,0.03211687505245209,2.673978328704834,0.034977892339229585,0.8408818745613087,0.4971066366465454
63,HELSINKI,0.056970953941345215,2.564197301864624,0.0603251214325428,0.7261659729480743,0.5168352730334982,0.085987888276577,2.434401750564575,0.09343997709453106,0.6882760828733435,0.5325849952463234,0.1298912763595581,2.313936233520508,0.14169982716441154,0.7002311140298833,0.5450552276740573,0.03211687505245209,2.673978328704834,0.034977892339229585,0.8408818745613087,0.4971066366465454
64,HELSINKI,0.056970953941345215,2.564197301864624,0.0603251214325428,0.7261659729480743,0.5168352730334982,0.085987888276577,2.434401750564575,0.09343997709453106,0.6882760828733435,0.5325849952463234,0.1298912763595581,2.313936233520508,0.14169982716441154,0.7002311140298833,0.5450552276740573,0.03211687505245209,2.673978328704834,0.034977892339229585,0.8408818745613087,0.4971066366465454
65,HELSINKI,0.056970953941345215,2.564197301864624,0.0603251214325428,0.7261659729480743,0.5168352730334982,0.085987888276577,2.434401750564575,0.09343997709453106,0.6882760828733435,0.5325849952463234,0.1298912763595581,2.313936233520508,0.14169982716441154,0.7002311140298833,0.5450552276740573,0.03211687505245209,2.673978328704834,0.034977892339229585,0.8408818745613087,0.4971066366465454
66,HELSINKI,0.056970953941345215,2.564197301864624,0.0603251214325428,0.7261659729480743,0.5168352730334982,0.085987888276577,2.434401750564575,0.09343997709453106,0.6882760828733435,0.5325849952463234,0.1298912763595581,2.313936233520508,0.14169982716441154,0.7002311140298833,0.5450552276740573,0.03211687505245209,2.673978328704834,0.034977892339229585,0.8408818745613087,0.4971066366465454
67,HELSINKI,0.056970953941345215,2.564197301864624,0.0603251214325428,0.7261659729480743,0.5168352730334982,0.085987888276577,2.434401750564575,0.09343997709453106,0.6882760828733435,0.5325849952463234,0.1298912763595581,2.313936233520508,0.14169982716441154,0.7002311140298833,0.5450552276740573,0.03211687505245209,2.673978328704834,0.034977892339229585,0.8408818745613087,0.4971066366465454
68,HELSINKI,0.056970953941345215,2.564197301864624,0.0603251214325428,0.7261659729480743,0.5168352730334982,0.085987888276577,2.434401750564575,0.09343997709453106,0.6882760828733435,0.5325849952463234,0.1298912763595581,2.313936233520508,0.14169982716441154,0.7002311140298833,0.5450552276740573,0.03211687505245209,2.673978328704834,0.034977892339229585,0.8408818745613087,0.4971066366465454
69,HELSINKI,0.056970953941345215,2.564197301864624,0.0603251214325428,0.7261659729480743,0.5168352730334982,0.085987888276577,2.434401750564575,0.09343997709453106,0.6882760828733435,0.5325849952463234,0.1298912763595581,2.313936233520508,0.14169982716441154,0.7002311140298833,0.5450552276740573,0.03211687505245209,2.673978328704834,0.034977892339229585,0.8408818745613087,0.4971066366465454
70,LAGOS,0.10853409022092819,0.6728242635726929,0.11066002018749714,0.22401613786816604,0.36459701587393656,0.12603329122066498,0.5446733236312866,0.13979920715093613,0.21722958430647882,0.32377459591086183,0.14515641331672668,0.4519203007221222,0.16057081490755082,0.21527028143405924,0.30712662447903755,0.08531931787729263,0.8338810801506042,0.08757544673979283,0.30396409362554555,0.43821467757551447
71,LAGOS,0.10853409022092819,0.6728242635726929,0.11066002018749714,0.22401613786816604,0.36459701587393656,0.12603329122066498,0.5446733236312866,0.13979920715093613,0.21722958430647882,0.32377459591086183,0.14515641331672668,0.4519203007221222,0.16057081490755082,0.21527028143405924,0.30712662447903755,0.08531931787729263,0.8338810801506042,0.08757544673979283,0.30396409362554555,0.43821467757551447
72,LAGOS,0.10853409022092819,0.6728242635726929,0.11066002018749714,0.22401613786816604,0.36459701587393656,0.12603329122066498,0.5446733236312866,0.13979920715093613,0.21722958430647882,0.32377459591086183,0.14515641331672668,0.4519203007221222,0.16057081490755082,0.21527028143405924,0.30712662447903755,0.08531931787729263,0.8338810801506042,0.08757544673979283,0.30396409362554555,0.43821467757551447
73,LAGOS,0.10853409022092819,0.6728242635726929,0.11066002018749714,0.22401613786816604,0.36459701587393656,0.12603329122066498,0.5446733236312866,0.13979920715093613,0.21722958430647882,0.32377459591086183,0.14515641331672668,0.4519203007221222,0.16057081490755082,0.21527028143405924,0.30712662447903755,0.08531931787729263,0.8338810801506042,0.08757544673979283,0.30396409362554555,0.43821467757551447
74,LAGOS,0.10853409022092819,0.6728242635726929,0.11066002018749714,0.22401613786816604,0.36459701587393656,0.12603329122066498,0.5446733236312866,0.13979920715093613,0.21722958430647882,0.32377459591086183,0.14515641331672668,0.4519203007221222,0.16057081490755082,0.21527028143405924,0.30712662447903755,0.08531931787729263,0.8338810801506042,0.08757544673979283,0.30396409362554555,0.43821467757551447
75,LAGOS,0.10853409022092819,0.6728242635726929,0.11066002018749714,0.22401613786816604,0.36459701587393656,0.12603329122066498,0.5446733236312866,0.13979920715093613,0.21722958430647882,0.32377459591086183,0.14515641331672668,0.4519203007221222,0.16057081490755082,0.21527028143405924,0.30712662447903755,0.08531931787729263,0.8338810801506042,0.08757544673979283,0.30396409362554555,0.43821467757551447
76,LAGOS,0.10853409022092819,0.6728242635726929,0.11066002018749714,0.22401613786816604,0.36459701587393656,0.12603329122066498,0.5446733236312866,0.13979920715093613,0.21722958430647882,0.32377459591086183,0.14515641331672668,0.4519203007221222,0.16057081490755082,0.21527028143405924,0.30712662447903755,0.08531931787729263,0.8338810801506042,0.08757544673979283,0.30396409362554555,0.43821467757551447
77,LAGOS,0.10853409022092819,0.6728242635726929,0.11066002018749714,0.22401613786816604,0.36459701587393656,0.12603329122066498,0.5446733236312866,0.13979920715093613,0.21722958430647882,0.32377459591086183,0.14515641331672668,0.4519203007221222,0.16057081490755082,0.21527028143405924,0.30712662447903755,0.08531931787729263,0.8338810801506042,0.08757544673979283,0.30396409362554555,0.43821467757551447
78,LAGOS,0.10853409022092819,0.6728242635726929,0.11066002018749714,0.22401613786816604,0.36459701587393656,0.12603329122066498,0.5446733236312866,0.13979920715093613,0.21722958430647882,0.32377459591086183,0.14515641331672668,0.4519203007221222,0.16057081490755082,0.21527028143405924,0.30712662447903755,0.08531931787729263,0.8338810801506042,0.08757544673979283,0.30396409362554555,0.43821467757551447
79,LAGOS,0.10853409022092819,0.6728242635726929,0.11066002018749714,0.22401613786816604,0.36459701587393656,0.12603329122066498,0.5446733236312866,0.13979920715093613,0.21722958430647882,0.32377459591086183,0.14515641331672668,0.4519203007221222,0.16057081490755082,0.21527028143405924,0.30712662447903755,0.08531931787729263,0.8338810801506042,0.08757544673979283,0.30396409362554555,0.43821467757551447
80,LE-CAIRE,0.04359041526913643,0.7730007171630859,0.059542438760399816,0.3619491428136826,0.36034608733337375,0.062105752527713776,0.7249400615692139,0.08179529532790183,0.2867838755249978,0.3471590412269685,0.0798674076795578,0.6694251298904419,0.09859662391245365,0.24611015021800997,0.3519848364397782,0.027213415130972862,0.9227036833763123,0.04187737833708525,0.43407633900642417,0.4468216214897646
81,LE-CAIRE,0.04359041526913643,0.7730007171630859,0.059542438760399816,0.3619491428136826,0.36034608733337375,0.062105752527713776,0.7249400615692139,0.08179529532790183,0.2867838755249978,0.3471590412269685,0.0798674076795578,0.6694251298904419,0.09859662391245365,0.24611015021800997,0.3519848364397782,0.027213415130972862,0.9227036833763123,0.04187737833708525,0.43407633900642417,0.4468216214897646
82,LE-CAIRE,0.04359041526913643,0.7730007171630859,0.059542438760399816,0.3619491428136826,0.36034608733337375,0.062105752527713776,0.7249400615692139,0.08179529532790183,0.2867838755249978,0.3471590412269685,0.0798674076795578,0.6694251298904419,0.09859662391245365,0.24611015021800997,0.3519848364397782,0.027213415130972862,0.9227036833763123,0.04187737833708525,0.43407633900642417,0.4468216214897646
83,LE-CAIRE,0.04359041526913643,0.7730007171630859,0.059542438760399816,0.3619491428136826,0.36034608733337375,0.062105752527713776,0.7249400615692139,0.08179529532790183,0.2867838755249978,0.3471590412269685,0.0798674076795578,0.6694251298904419,0.09859662391245365,0.24611015021800997,0.3519848364397782,0.027213415130972862,0.9227036833763123,0.04187737833708525,0.43407633900642417,0.4468216214897646
84,LE-CAIRE,0.04359041526913643,0.7730007171630859,0.059542438760399816,0.3619491428136826,0.36034608733337375,0.062105752527713776,0.7249400615692139,0.08179529532790183,0.2867838755249978,0.3471590412269685,0.0798674076795578,0.6694251298904419,0.09859662391245365,0.24611015021800997,0.3519848364397782,0.027213415130972862,0.9227036833763123,0.04187737833708525,0.43407633900642417,0.4468216214897646
85,LE-CAIRE,0.04359041526913643,0.7730007171630859,0.059542438760399816,0.3619491428136826,0.36034608733337375,0.062105752527713776,0.7249400615692139,0.08179529532790183,0.2867838755249978,0.3471590412269685,0.0798674076795578,0.6694251298904419,0.09859662391245365,0.24611015021800997,0.3519848364397782,0.027213415130972862,0.9227036833763123,0.04187737833708525,0.43407633900642417,0.4468216214897646
86,LE-CAIRE,0.04359041526913643,0.7730007171630859,0.059542438760399816,0.3619491428136826,0.36034608733337375,0.062105752527713776,0.7249400615692139,0.08179529532790183,0.2867838755249978,0.3471590412269685,0.0798674076795578,0.6694251298904419,0.09859662391245365,0.24611015021800997,0.3519848364397782,0.027213415130972862,0.9227036833763123,0.04187737833708525,0.43407633900642417,0.4468216214897646
87,LE-CAIRE,0.04359041526913643,0.7730007171630859,0.059542438760399816,0.3619491428136826,0.36034608733337375,0.062105752527713776,0.7249400615692139,0.08179529532790183,0.2867838755249978,0.3471590412269685,0.0798674076795578,0.6694251298904419,0.09859662391245365,0.24611015021800997,0.3519848364397782,0.027213415130972862,0.9227036833763123,0.04187737833708525,0.43407633900642417,0.4468216214897646
88,LE-CAIRE,0.04359041526913643,0.7730007171630859,0.059542438760399816,0.3619491428136826,0.36034608733337375,0.062105752527713776,0.7249400615692139,0.08179529532790183,0.2867838755249978,0.3471590412269685,0.0798674076795578,0.6694251298904419,0.09859662391245365,0.24611015021800997,0.3519848364397782,0.027213415130972862,0.9227036833763123,0.04187737833708525,0.43407633900642417,0.4468216214897646
89,LE-CAIRE,0.04359041526913643,0.7730007171630859,0.059542438760399816,0.3619491428136826,0.36034608733337375,0.062105752527713776,0.7249400615692139,0.08179529532790183,0.2867838755249978,0.3471590412269685,0.0798674076795578,0.6694251298904419,0.09859662391245365,0.24611015021800997,0.3519848364397782,0.027213415130972862,0.9227036833763123,0.04187737833708525,0.43407633900642417,0.4468216214897646
90,MAROS,0.02992166206240654,0.8733901381492615,0.043898402340710165,0.33348416984081175,0.28859249001917864,0.04940555617213249,0.8434941172599792,0.06635674703866243,0.30032888874411495,0.26877774433437546,0.06892438977956772,0.805928647518158,0.081704793125391,0.2716671973466862,0.24610252265604993,0.02103927917778492,1.1070036888122559,0.02705608499236405,0.4462947621941561,0.5061222344327743
91,MAROS,0.02992166206240654,0.8733901381492615,0.043898402340710165,0.33348416984081175,0.28859249001917864,0.04940555617213249,0.8434941172599792,0.06635674703866243,0.30032888874411495,0.26877774433437546,0.06892438977956772,0.805928647518158,0.081704793125391,0.2716671973466862,0.24610252265604993,0.02103927917778492,1.1070036888122559,0.02705608499236405,0.4462947621941561,0.5061222344327743
92,MAROS,0.02992166206240654,0.8733901381492615,0.043898402340710165,0.33348416984081175,0.28859249001917864,0.04940555617213249,0.8434941172599792,0.06635674703866243,0.30032888874411495,0.26877774433437546,0.06892438977956772,0.805928647518158,0.081704793125391,0.2716671973466862,0.24610252265604993,0.02103927917778492,1.1070036888122559,0.02705608499236405,0.4462947621941561,0.5061222344327743
93,MAROS,0.02992166206240654,0.8733901381492615,0.043898402340710165,0.33348416984081175,0.28859249001917864,0.04940555617213249,0.8434941172599792,0.06635674703866243,0.30032888874411495,0.26877774433437546,0.06892438977956772,0.805928647518158,0.081704793125391,0.2716671973466862,0.24610252265604993,0.02103927917778492,1.1070036888122559,0.02705608499236405,0.4462947621941561,0.5061222344327743
94,MAROS,0.02992166206240654,0.8733901381492615,0.043898402340710165,0.33348416984081175,0.28859249001917864,0.04940555617213249,0.8434941172599792,0.06635674703866243,0.30032888874411495,0.26877774433437546,0.06892438977956772,0.805928647518158,0.081704793125391,0.2716671973466862,0.24610252265604993,0.02103927917778492,1.1070036888122559,0.02705608499236405,0.4462947621941561,0.5061222344327743
95,MAROS,0.02992166206240654,0.8733901381492615,0.043898402340710165,0.33348416984081175,0.28859249001917864,0.04940555617213249,0.8434941172599792,0.06635674703866243,0.30032888874411495,0.26877774433437546,0.06892438977956772,0.805928647518158,0.081704793125391,0.2716671973466862,0.24610252265604993,0.02103927917778492,1.1070036888122559,0.02705608499236405,0.4462947621941561,0.5061222344327743
96,MAROS,0.02992166206240654,0.8733901381492615,0.043898402340710165,0.33348416984081175,0.28859249001917864,0.04940555617213249,0.8434941172599792,0.06635674703866243,0.30032888874411495,0.26877774433437546,0.06892438977956772,0.805928647518158,0.081704793125391,0.2716671973466862,0.24610252265604993,0.02103927917778492,1.1070036888122559,0.02705608499236405,0.4462947621941561,0.5061222344327743
97,MAROS,0.02992166206240654,0.8733901381492615,0.043898402340710165,0.33348416984081175,0.28859249001917864,0.04940555617213249,0.8434941172599792,0.06635674703866243,0.30032888874411495,0.26877774433437546,0.06892438977956772,0.805928647518158,0.081704793125391,0.2716671973466862,0.24610252265604993,0.02103927917778492,1.1070036888122559,0.02705608499236405,0.4462947621941561,0.5061222344327743
98,MAROS,0.02992166206240654,0.8733901381492615,0.043898402340710165,0.33348416984081175,0.28859249001917864,0.04940555617213249,0.8434941172599792,0.06635674703866243,0.30032888874411495,0.26877774433437546,0.06892438977956772,0.805928647518158,0.081704793125391,0.2716671973466862,0.24610252265604993,0.02103927917778492,1.1070036888122559,0.02705608499236405,0.4462947621941561,0.5061222344327743
99,MAROS,0.02992166206240654,0.8733901381492615,0.043898402340710165,0.33348416984081175,0.28859249001917864,0.04940555617213249,0.8434941172599792,0.06635674703866243,0.30032888874411495,0.26877774433437546,0.06892438977956772,0.805928647518158,0.081704793125391,0.2716671973466862,0.24610252265604993,0.02103927917778492,1.1070036888122559,0.02705608499236405,0.4462947621941561,0.5061222344327743
100,MONTPELLIER,0.0,1.083951711654663,0.04163107369095087,0.32085499882698043,0.2605673033881257,0.0,1.0660121440887451,0.0626124408468604,0.2847149363160132,0.2495345800713808,0.0,1.0455623865127563,0.07594112850725651,0.2666163523495188,0.2448099638874474,0.0,1.166939616203308,0.017748207030817868,0.41176177412271453,0.4759277401847483
101,MONTPELLIER,0.0,1.083951711654663,0.04163107369095087,0.32085499882698043,0.2605673033881257,0.0,1.0660121440887451,0.0626124408468604,0.2847149363160132,0.2495345800713808,0.0,1.0455623865127563,0.07594112850725651,0.2666163523495188,0.2448099638874474,0.0,1.166939616203308,0.017748207030817868,0.41176177412271453,0.4759277401847483
102,MONTPELLIER,0.0,1.083951711654663,0.04163107369095087,0.32085499882698043,0.2605673033881257,0.0,1.0660121440887451,0.0626124408468604,0.2847149363160132,0.2495345800713808,0.0,1.0455623865127563,0.07594112850725651,0.2666163523495188,0.2448099638874474,0.0,1.166939616203308,0.017748207030817868,0.41176177412271453,0.4759277401847483
103,MONTPELLIER,0.0,1.083951711654663,0.04163107369095087,0.32085499882698043,0.2605673033881257,0.0,1.0660121440887451,0.0626124408468604,0.2847149363160132,0.2495345800713808,0.0,1.0455623865127563,0.07594112850725651,0.2666163523495188,0.2448099638874474,0.0,1.166939616203308,0.017748207030817868,0.41176177412271453,0.4759277401847483
104,MONTPELLIER,0.0,1.083951711654663,0.04163107369095087,0.32085499882698043,0.2605673033881257,0.0,1.0660121440887451,0.0626124408468604,0.2847149363160132,0.2495345800713808,0.0,1.0455623865127563,0.07594112850725651,0.2666163523495188,0.2448099638874474,0.0,1.166939616203308,0.017748207030817868,0.41176177412271453,0.4759277401847483
105,MONTPELLIER,0.0,1.083951711654663,0.04163107369095087,0.32085499882698043,0.2605673033881257,0.0,1.0660121440887451,0.0626124408468604,0.2847149363160132,0.2495345800713808,0.0,1.0455623865127563,0.07594112850725651,0.2666163523495188,0.2448099638874474,0.0,1.166939616203308,0.017748207030817868,0.41176177412271453,0.4759277401847483
106,MONTPELLIER,0.0,1.083951711654663,0.04163107369095087,0.32085499882698043,0.2605673033881257,0.0,1.0660121440887451,0.0626124408468604,0.2847149363160132,0.2495345800713808,0.0,1.0455623865127563,0.07594112850725651,0.2666163523495188,0.2448099638874474,0.0,1.166939616203308,0.017748207030817868,0.41176177412271453,0.4759277401847483
107,MONTPELLIER,0.0,1.083951711654663,0.04163107369095087,0.32085499882698043,0.2605673033881257,0.0,1.0660121440887451,0.0626124408468604,0.2847149363160132,0.2495345800713808,0.0,1.0455623865127563,0.07594112850725651,0.2666163523495188,0.2448099638874474,0.0,1.166939616203308,0.017748207030817868,0.41176177412271453,0.4759277401847483
108,MONTPELLIER,0.0,1.083951711654663,0.04163107369095087,0.32085499882698043,0.2605673033881257,0.0,1.0660121440887451,0.0626124408468604,0.2847149363160132,0.2495345800713808,0.0,1.0455623865127563,0.07594112850725651,0.2666163523495188,0.2448099638874474,0.0,1.166939616203308,0.017748207030817868,0.41176177412271453,0.4759277401847483
109,MONTPELLIER,0.0,1.083951711654663,0.04163107369095087,0.32085499882698043,0.2605673033881257,0.0,1.0660121440887451,0.0626124408468604,0.2847149363160132,0.2495345800713808,0.0,1.0455623865127563,0.07594112850725651,0.2666163523495188,0.2448099638874474,0.0,1.166939616203308,0.017748207030817868,0.41176177412271453,0.4759277401847483
110,MUNICH,0.027730803936719894,1.7607238292694092,0.03250353015959263,0.28921562552452107,0.19506121889512032,0.04670554772019386,1.6583424806594849,0.05352228861302137,0.26864120811224057,0.20164539611449106,0.06761912256479263,1.5876545906066895,0.07784303270280361,0.2592210474610329,0.17436607809331298,0.01730097457766533,1.938833236694336,0.02329754250124097,0.47930415555834865,0.376053685024078
111,MUNICH,0.027730803936719894,1.7607238292694092,0.03250353015959263,0.28921562552452107,0.19506121889512032,0.04670554772019386,1.6583424806594849,0.05352228861302137,0.26864120811224057,0.20164539611449106,0.06761912256479263,1.5876545906066895,0.07784303270280361,0.2592210474610329,0.17436607809331298,0.01730097457766533,1.938833236694336,0.02329754250124097,0.47930415555834865,0.376053685024078
112,MUNICH,0.027730803936719894,1.7607238292694092,0.03250353015959263,0.28921562552452107,0.19506121889512032,0.04670554772019386,1.6583424806594849,0.05352228861302137,0.26864120811224057,0.20164539611449106,0.06761912256479263,1.5876545906066895,0.07784303270280361,0.2592210474610329,0.17436607809331298,0.01730097457766533,1.938833236694336,0.02329754250124097,0.47930415555834865,0.376053685024078
113,MUNICH,0.027730803936719894,1.7607238292694092,0.03250353015959263,0.28921562552452107,0.19506121889512032,0.04670554772019386,1.6583424806594849,0.05352228861302137,0.26864120811224057,0.20164539611449106,0.06761912256479263,1.5876545906066895,0.07784303270280361,0.2592210474610329,0.17436607809331298,0.01730097457766533,1.938833236694336,0.02329754250124097,0.47930415555834865,0.376053685024078
114,MUNICH,0.027730803936719894,1.7607238292694092,0.03250353015959263,0.28921562552452107,0.19506121889512032,0.04670554772019386,1.6583424806594849,0.05352228861302137,0.26864120811224057,0.20164539611449106,0.06761912256479263,1.5876545906066895,0.07784303270280361,0.2592210474610329,0.17436607809331298,0.01730097457766533,1.938833236694336,0.02329754250124097,0.47930415555834865,0.376053685024078
115,MUNICH,0.027730803936719894,1.7607238292694092,0.03250353015959263,0.28921562552452107,0.19506121889512032,0.04670554772019386,1.6583424806594849,0.05352228861302137,0.26864120811224057,0.20164539611449106,0.06761912256479263,1.5876545906066895,0.07784303270280361,0.2592210474610329,0.17436607809331298,0.01730097457766533,1.938833236694336,0.02329754250124097,0.47930415555834865,0.376053685024078
116,MUNICH,0.027730803936719894,1.7607238292694092,0.03250353015959263,0.28921562552452107,0.19506121889512032,0.04670554772019386,1.6583424806594849,0.05352228861302137,0.26864120811224057,0.20164539611449106,0.06761912256479263,1.5876545906066895,0.07784303270280361,0.2592210474610329,0.17436607809331298,0.01730097457766533,1.938833236694336,0.02329754250124097,0.47930415555834865,0.376053685024078
117,MUNICH,0.027730803936719894,1.7607238292694092,0.03250353015959263,0.28921562552452107,0.19506121889512032,0.04670554772019386,1.6583424806594849,0.05352228861302137,0.26864120811224057,0.20164539611449106,0.06761912256479263,1.5876545906066895,0.07784303270280361,0.2592210474610329,0.17436607809331298,0.01730097457766533,1.938833236694336,0.02329754250124097,0.47930415555834865,0.376053685024078
118,MUNICH,0.027730803936719894,1.7607238292694092,0.03250353015959263,0.28921562552452107,0.19506121889512032,0.04670554772019386,1.6583424806594849,0.05352228861302137,0.26864120811224057,0.20164539611449106,0.06761912256479263,1.5876545906066895,0.07784303270280361,0.2592210474610329,0.17436607809331298,0.01730097457766533,1.938833236694336,0.02329754250124097,0.47930415555834865,0.376053685024078
119,MUNICH,0.027730803936719894,1.7607238292694092,0.03250353015959263,0.28921562552452107,0.19506121889512032,0.04670554772019386,1.6583424806594849,0.05352228861302137,0.26864120811224057,0.20164539611449106,0.06761912256479263,1.5876545906066895,0.07784303270280361,0.2592210474610329,0.17436607809331298,0.01730097457766533,1.938833236694336,0.02329754250124097,0.47930415555834865,0.376053685024078
120,STRASBOURG,0.021073227748274803,0.9322543144226074,0.026956427693367004,0.2814743983745576,0.18372220423191105,0.03615109622478485,0.8796029090881348,0.04828232035040855,0.2604475939273838,0.19129671508714682,0.045839615166187286,0.8543119430541992,0.06320810884237289,0.2555107367038727,0.18165724092329816,0.017602168023586273,0.9514256119728088,0.019299656003713608,0.49839783191680914,0.5295520058607125
121,STRASBOURG,0.021073227748274803,0.9322543144226074,0.026956427693367004,0.2814743983745576,0.18372220423191105,0.03615109622478485,0.8796029090881348,0.04828232035040855,0.2604475939273838,0.19129671508714682,0.045839615166187286,0.8543119430541992,0.06320810884237289,0.2555107367038727,0.18165724092329816,0.017602168023586273,0.9514256119728088,0.019299656003713608,0.49839783191680914,0.5295520058607125
122,STRASBOURG,0.021073227748274803,0.9322543144226074,0.026956427693367004,0.2814743983745576,0.18372220423191105,0.03615109622478485,0.8796029090881348,0.04828232035040855,0.2604475939273838,0.19129671508714682,0.045839615166187286,0.8543119430541992,0.06320810884237289,0.2555107367038727,0.18165724092329816,0.017602168023586273,0.9514256119728088,0.019299656003713608,0.49839783191680914,0.5295520058607125
123,STRASBOURG,0.021073227748274803,0.9322543144226074,0.026956427693367004,0.2814743983745576,0.18372220423191105,0.03615109622478485,0.8796029090881348,0.04828232035040855,0.2604475939273838,0.19129671508714682,0.045839615166187286,0.8543119430541992,0.06320810884237289,0.2555107367038727,0.18165724092329816,0.017602168023586273,0.9514256119728088,0.019299656003713608,0.49839783191680914,0.5295520058607125
124,STRASBOURG,0.021073227748274803,0.9322543144226074,0.026956427693367004,0.2814743983745576,0.18372220423191105,0.03615109622478485,0.8796029090881348,0.04828232035040855,0.2604475939273838,0.19129671508714682,0.045839615166187286,0.8543119430541992,0.06320810884237289,0.2555107367038727,0.18165724092329816,0.017602168023586273,0.9514256119728088,0.019299656003713608,0.49839783191680914,0.5295520058607125
125,STRASBOURG,0.021073227748274803,0.9322543144226074,0.026956427693367004,0.2814743983745576,0.18372220423191105,0.03615109622478485,0.8796029090881348,0.04828232035040855,0.2604475939273838,0.19129671508714682,0.045839615166187286,0.8543119430541992,0.06320810884237289,0.2555107367038727,0.18165724092329816,0.017602168023586273,0.9514256119728088,0.019299656003713608,0.49839783191680914,0.5295520058607125
126,STRASBOURG,0.021073227748274803,0.9322543144226074,0.026956427693367004,0.2814743983745576,0.18372220423191105,0.03615109622478485,0.8796029090881348,0.04828232035040855,0.2604475939273838,0.19129671508714682,0.045839615166187286,0.8543119430541992,0.06320810884237289,0.2555107367038727,0.18165724092329816,0.017602168023586273,0.9514256119728088,0.019299656003713608,0.49839783191680914,0.5295520058607125
127,STRASBOURG,0.021073227748274803,0.9322543144226074,0.026956427693367004,0.2814743983745576,0.18372220423191105,0.03615109622478485,0.8796029090881348,0.04828232035040855,0.2604475939273838,0.19129671508714682,0.045839615166187286,0.8543119430541992,0.06320810884237289,0.2555107367038727,0.18165724092329816,0.017602168023586273,0.9514256119728088,0.019299656003713608,0.49839783191680914,0.5295520058607125
128,STRASBOURG,0.021073227748274803,0.9322543144226074,0.026956427693367004,0.2814743983745576,0.18372220423191105,0.03615109622478485,0.8796029090881348,0.04828232035040855,0.2604475939273838,0.19129671508714682,0.045839615166187286,0.8543119430541992,0.06320810884237289,0.2555107367038727,0.18165724092329816,0.017602168023586273,0.9514256119728088,0.019299656003713608,0.49839783191680914,0.5295520058607125
129,STRASBOURG,0.021073227748274803,0.9322543144226074,0.026956427693367004,0.2814743983745576,0.18372220423191105,0.03615109622478485,0.8796029090881348,0.04828232035040855,0.2604475939273838,0.19129671508714682,0.045839615166187286,0.8543119430541992,0.06320810884237289,0.2555107367038727,0.18165724092329816,0.017602168023586273,0.9514256119728088,0.019299656003713608,0.49839783191680914,0.5295520058607125
130,NANTES,0.04439389333128929,1.995379090309143,0.0495093822479248,0.2563554584979997,0.16306492844827913,0.0683620497584343,1.8036574125289917,0.07582237049937249,0.24012437760829908,0.17625765780913735,0.10218439996242523,1.7459031343460083,0.11264980211853981,0.25296524465083914,0.14592073075654902,0.03053208626806736,2.235236883163452,0.035146936774253845,0.4353102564811706,0.36947146636178757
131,NANTES,0.04439389333128929,1.995379090309143,0.0495093822479248,0.2563554584979997,0.16306492844827913,0.0683620497584343,1.8036574125289917,0.07582237049937249,0.24012437760829908,0.17625765780913735,0.10218439996242523,1.7459031343460083,0.11264980211853981,0.25296524465083914,0.14592073075654902,0.03053208626806736,2.235236883163452,0.035146936774253845,0.4353102564811706,0.36947146636178757
132,NANTES,0.04439389333128929,1.995379090309143,0.0495093822479248,0.2563554584979997,0.16306492844827913,0.0683620497584343,1.8036574125289917,0.07582237049937249,0.24012437760829908,0.17625765780913735,0.10218439996242523,1.7459031343460083,0.11264980211853981,0.25296524465083914,0.14592073075654902,0.03053208626806736,2.235236883163452,0.035146936774253845,0.4353102564811706,0.36947146636178757
133,NANTES,0.04439389333128929,1.995379090309143,0.0495093822479248,0.2563554584979997,0.16306492844827913,0.0683620497584343,1.8036574125289917,0.07582237049937249,0.24012437760829908,0.17625765780913735,0.10218439996242523,1.7459031343460083,0.11264980211853981,0.25296524465083914,0.14592073075654902,0.03053208626806736,2.235236883163452,0.035146936774253845,0.4353102564811706,0.36947146636178757
134,NANTES,0.04439389333128929,1.995379090309143,0.0495093822479248,0.2563554584979997,0.16306492844827913,0.0683620497584343,1.8036574125289917,0.07582237049937249,0.24012437760829908,0.17625765780913735,0.10218439996242523,1.7459031343460083,0.11264980211853981,0.25296524465083914,0.14592073075654902,0.03053208626806736,2.235236883163452,0.035146936774253845,0.4353102564811706,0.36947146636178757
135,NANTES,0.04439389333128929,1.995379090309143,0.0495093822479248,0.2563554584979997,0.16306492844827913,0.0683620497584343,1.8036574125289917,0.07582237049937249,0.24012437760829908,0.17625765780913735,0.10218439996242523,1.7459031343460083,0.11264980211853981,0.25296524465083914,0.14592073075654902,0.03053208626806736,2.235236883163452,0.035146936774253845,0.4353102564811706,0.36947146636178757
136,NANTES,0.04439389333128929,1.995379090309143,0.0495093822479248,0.2563554584979997,0.16306492844827913,0.0683620497584343,1.8036574125289917,0.07582237049937249,0.24012437760829908,0.17625765780913735,0.10218439996242523,1.7459031343460083,0.11264980211853981,0.25296524465083914,0.14592073075654902,0.03053208626806736,2.235236883163452,0.035146936774253845,0.4353102564811706,0.36947146636178757
137,NANTES,0.04439389333128929,1.995379090309143,0.0495093822479248,0.2563554584979997,0.16306492844827913,0.0683620497584343,1.8036574125289917,0.07582237049937249,0.24012437760829908,0.17625765780913735,0.10218439996242523,1.7459031343460083,0.11264980211853981,0.25296524465083914,0.14592073075654902,0.03053208626806736,2.235236883163452,0.035146936774253845,0.4353102564811706,0.36947146636178757
138,NANTES,0.04439389333128929,1.995379090309143,0.0495093822479248,0.2563554584979997,0.16306492844827913,0.0683620497584343,1.8036574125289917,0.07582237049937249,0.24012437760829908,0.17625765780913735,0.10218439996242523,1.7459031343460083,0.11264980211853981,0.25296524465083914,0.14592073075654902,0.03053208626806736,2.235236883163452,0.035146936774253845,0.4353102564811706,0.36947146636178757
139,NANTES,0.04439389333128929,1.995379090309143,0.0495093822479248,0.2563554584979997,0.16306492844827913,0.0683620497584343,1.8036574125289917,0.07582237049937249,0.24012437760829908,0.17625765780913735,0.10218439996242523,1.7459031343460083,0.11264980211853981,0.25296524465083914,0.14592073075654902,0.03053208626806736,2.235236883163452,0.035146936774253845,0.4353102564811706,0.36947146636178757
140,NEW-YORK,0.031820476055145264,0.9091445803642273,0.039085894078016284,0.48074231386184674,0.19317225777875355,0.04694581404328346,0.8666446208953857,0.059634446445852515,0.45605554968118667,0.1907902378812789,0.0653933435678482,0.8245177865028381,0.08301829390227794,0.42635833829641334,0.1760795509665363,0.01454340759664774,0.9634782671928406,0.022499738670885564,0.5191374686360359,0.2861400264993311
141,NEW-YORK,0.031820476055145264,0.9091445803642273,0.039085894078016284,0.48074231386184674,0.19317225777875355,0.04694581404328346,0.8666446208953857,0.059634446445852515,0.45605554968118667,0.1907902378812789,0.0653933435678482,0.8245177865028381,0.08301829390227794,0.42635833829641334,0.1760795509665363,0.01454340759664774,0.9634782671928406,0.022499738670885564,0.5191374686360359,0.2861400264993311
142,NEW-YORK,0.031820476055145264,0.9091445803642273,0.039085894078016284,0.48074231386184674,0.19317225777875355,0.04694581404328346,0.8666446208953857,0.059634446445852515,0.45605554968118667,0.1907902378812789,0.0653933435678482,0.8245177865028381,0.08301829390227794,0.42635833829641334,0.1760795509665363,0.01454340759664774,0.9634782671928406,0.022499738670885564,0.5191374686360359,0.2861400264993311
143,NEW-YORK,0.031820476055145264,0.9091445803642273,0.039085894078016284,0.48074231386184674,0.19317225777875355,0.04694581404328346,0.8666446208953857,0.059634446445852515,0.45605554968118667,0.1907902378812789,0.0653933435678482,0.8245177865028381,0.08301829390227794,0.42635833829641334,0.1760795509665363,0.01454340759664774,0.9634782671928406,0.022499738670885564,0.5191374686360359,0.2861400264993311
144,NEW-YORK,0.031820476055145264,0.9091445803642273,0.039085894078016284,0.48074231386184674,0.19317225777875355,0.04694581404328346,0.8666446208953857,0.059634446445852515,0.45605554968118667,0.1907902378812789,0.0653933435678482,0.8245177865028381,0.08301829390227794,0.42635833829641334,0.1760795509665363,0.01454340759664774,0.9634782671928406,0.022499738670885564,0.5191374686360359,0.2861400264993311
145,NEW-YORK,0.031820476055145264,0.9091445803642273,0.039085894078016284,0.48074231386184674,0.19317225777875355,0.04694581404328346,0.8666446208953857,0.059634446445852515,0.45605554968118667,0.1907902378812789,0.0653933435678482,0.8245177865028381,0.08301829390227794,0.42635833829641334,0.1760795509665363,0.01454340759664774,0.9634782671928406,0.022499738670885564,0.5191374686360359,0.2861400264993311
146,NEW-YORK,0.031820476055145264,0.9091445803642273,0.039085894078016284,0.48074231386184674,0.19317225777875355,0.04694581404328346,0.8666446208953857,0.059634446445852515,0.45605554968118667,0.1907902378812789,0.0653933435678482,0.8245177865028381,0.08301829390227794,0.42635833829641334,0.1760795509665363,0.01454340759664774,0.9634782671928406,0.022499738670885564,0.5191374686360359,0.2861400264993311
147,NEW-YORK,0.031820476055145264,0.9091445803642273,0.039085894078016284,0.48074231386184674,0.19317225777875355,0.04694581404328346,0.8666446208953857,0.059634446445852515,0.45605554968118667,0.1907902378812789,0.0653933435678482,0.8245177865028381,0.08301829390227794,0.42635833829641334,0.1760795509665363,0.01454340759664774,0.9634782671928406,0.022499738670885564,0.5191374686360359,0.2861400264993311
148,NEW-YORK,0.031820476055145264,0.9091445803642273,0.039085894078016284,0.48074231386184674,0.19317225777875355,0.04694581404328346,0.8666446208953857,0.059634446445852515,0.45605554968118667,0.1907902378812789,0.0653933435678482,0.8245177865028381,0.08301829390227794,0.42635833829641334,0.1760795509665363,0.01454340759664774,0.9634782671928406,0.022499738670885564,0.5191374686360359,0.2861400264993311
149,NEW-YORK,0.031820476055145264,0.9091445803642273,0.039085894078016284,0.48074231386184674,0.19317225777875355,0.04694581404328346,0.8666446208953857,0.059634446445852515,0.45605554968118667,0.1907902378812789,0.0653933435678482,0.8245177865028381,0.08301829390227794,0.42635833829641334,0.1760795509665363,0.01454340759664774,0.9634782671928406,0.022499738670885564,0.5191374686360359,0.2861400264993311
150,PARIS,0.04056140407919884,1.6277064085006714,0.05888085160404444,0.32658331543207175,0.2344361868734002,0.059557922184467316,1.534626841545105,0.08116638101637363,0.306343892216683,0.22354278028616845,0.08706621080636978,1.465100646018982,0.10733603723347188,0.2978412374854088,0.216422300830724,0.027832331135869026,1.667782187461853,0.041820726916193963,0.42489741146564497,0.3469806664924074
151,PARIS,0.04056140407919884,1.6277064085006714,0.05888085160404444,0.32658331543207175,0.2344361868734002,0.059557922184467316,1.534626841545105,0.08116638101637363,0.306343892216683,0.22354278028616845,0.08706621080636978,1.465100646018982,0.10733603723347188,0.2978412374854088,0.216422300830724,0.027832331135869026,1.667782187461853,0.041820726916193963,0.42489741146564497,0.3469806664924074
152,PARIS,0.04056140407919884,1.6277064085006714,0.05888085160404444,0.32658331543207175,0.2344361868734002,0.059557922184467316,1.534626841545105,0.08116638101637363,0.306343892216683,0.22354278028616845,0.08706621080636978,1.465100646018982,0.10733603723347188,0.2978412374854088,0.216422300830724,0.027832331135869026,1.667782187461853,0.041820726916193963,0.42489741146564497,0.3469806664924074
153,PARIS,0.04056140407919884,1.6277064085006714,0.05888085160404444,0.32658331543207175,0.2344361868734002,0.059557922184467316,1.534626841545105,0.08116638101637363,0.306343892216683,0.22354278028616845,0.08706621080636978,1.465100646018982,0.10733603723347188,0.2978412374854088,0.216422300830724,0.027832331135869026,1.667782187461853,0.041820726916193963,0.42489741146564497,0.3469806664924074
154,PARIS,0.04056140407919884,1.6277064085006714,0.05888085160404444,0.32658331543207175,0.2344361868734002,0.059557922184467316,1.534626841545105,0.08116638101637363,0.306343892216683,0.22354278028616845,0.08706621080636978,1.465100646018982,0.10733603723347188,0.2978412374854088,0.216422300830724,0.027832331135869026,1.667782187461853,0.041820726916193963,0.42489741146564497,0.3469806664924074
155,PARIS,0.04056140407919884,1.6277064085006714,0.05888085160404444,0.32658331543207175,0.2344361868734002,0.059557922184467316,1.534626841545105,0.08116638101637363,0.306343892216683,0.22354278028616845,0.08706621080636978,1.465100646018982,0.10733603723347188,0.2978412374854088,0.216422300830724,0.027832331135869026,1.667782187461853,0.041820726916193963,0.42489741146564497,0.3469806664924074
156,PARIS,0.04056140407919884,1.6277064085006714,0.05888085160404444,0.32658331543207175,0.2344361868734002,0.059557922184467316,1.534626841545105,0.08116638101637363,0.306343892216683,0.22354278028616845,0.08706621080636978,1.465100646018982,0.10733603723347188,0.2978412374854088,0.216422300830724,0.027832331135869026,1.667782187461853,0.041820726916193963,0.42489741146564497,0.3469806664924074
157,PARIS,0.04056140407919884,1.6277064085006714,0.05888085160404444,0.32658331543207175,0.2344361868734002,0.059557922184467316,1.534626841545105,0.08116638101637363,0.306343892216683,0.22354278028616845,0.08706621080636978,1.465100646018982,0.10733603723347188,0.2978412374854088,0.216422300830724,0.027832331135869026,1.667782187461853,0.041820726916193963,0.42489741146564497,0.3469806664924074
158,PARIS,0.04056140407919884,1.6277064085006714,0.05888085160404444,0.32658331543207175,0.2344361868734002,0.059557922184467316,1.534626841545105,0.08116638101637363,0.306343892216683,0.22354278028616845,0.08706621080636978,1.465100646018982,0.10733603723347188,0.2978412374854088,0.216422300830724,0.027832331135869026,1.667782187461853,0.041820726916193963,0.42489741146564497,0.3469806664924074
159,PARIS,0.04056140407919884,1.6277064085006714,0.05888085160404444,0.32658331543207175,0.2344361868734002,0.059557922184467316,1.534626841545105,0.08116638101637363,0.306343892216683,0.22354278028616845,0.08706621080636978,1.465100646018982,0.10733603723347188,0.2978412374854088,0.216422300830724,0.027832331135869026,1.667782187461853,0.041820726916193963,0.42489741146564497,0.3469806664924074
160,PORT-ELISABETH,0.04034821689128876,1.6494101285934448,0.047490204758942126,0.29236168429255427,0.25381580460101966,0.06470153480768204,1.4937810897827148,0.0760299826413393,0.2614792902767644,0.2285220163240415,0.08904997259378433,1.3348182439804077,0.10172391135245562,0.25844480440020545,0.20954059525026342,0.025651030242443085,1.654329538345337,0.026945435497909783,0.3702515220642084,0.4269852232830549
161,PORT-ELISABETH,0.04034821689128876,1.6494101285934448,0.047490204758942126,0.29236168429255427,0.25381580460101966,0.06470153480768204,1.4937810897827148,0.0760299826413393,0.2614792902767644,0.2285220163240415,0.08904997259378433,1.3348182439804077,0.10172391135245562,0.25844480440020545,0.20954059525026342,0.025651030242443085,1.654329538345337,0.026945435497909783,0.3702515220642084,0.4269852232830549
162,PORT-ELISABETH,0.04034821689128876,1.6494101285934448,0.047490204758942126,0.29236168429255427,0.25381580460101966,0.06470153480768204,1.4937810897827148,0.0760299826413393,0.2614792902767644,0.2285220163240415,0.08904997259378433,1.3348182439804077,0.10172391135245562,0.25844480440020545,0.20954059525026342,0.025651030242443085,1.654329538345337,0.026945435497909783,0.3702515220642084,0.4269852232830549
163,PORT-ELISABETH,0.04034821689128876,1.6494101285934448,0.047490204758942126,0.29236168429255427,0.25381580460101966,0.06470153480768204,1.4937810897827148,0.0760299826413393,0.2614792902767644,0.2285220163240415,0.08904997259378433,1.3348182439804077,0.10172391135245562,0.25844480440020545,0.20954059525026342,0.025651030242443085,1.654329538345337,0.026945435497909783,0.3702515220642084,0.4269852232830549
164,PORT-ELISABETH,0.04034821689128876,1.6494101285934448,0.047490204758942126,0.29236168429255427,0.25381580460101966,0.06470153480768204,1.4937810897827148,0.0760299826413393,0.2614792902767644,0.2285220163240415,0.08904997259378433,1.3348182439804077,0.10172391135245562,0.25844480440020545,0.20954059525026342,0.025651030242443085,1.654329538345337,0.026945435497909783,0.3702515220642084,0.4269852232830549
165,PORT-ELISABETH,0.04034821689128876,1.6494101285934448,0.047490204758942126,0.29236168429255427,0.25381580460101966,0.06470153480768204,1.4937810897827148,0.0760299826413393,0.2614792902767644,0.2285220163240415,0.08904997259378433,1.3348182439804077,0.10172391135245562,0.25844480440020545,0.20954059525026342,0.025651030242443085,1.654329538345337,0.026945435497909783,0.3702515220642084,0.4269852232830549
166,PORT-ELISABETH,0.04034821689128876,1.6494101285934448,0.047490204758942126,0.29236168429255427,0.25381580460101966,0.06470153480768204,1.4937810897827148,0.0760299826413393,0.2614792902767644,0.2285220163240415,0.08904997259378433,1.3348182439804077,0.10172391135245562,0.25844480440020545,0.20954059525026342,0.025651030242443085,1.654329538345337,0.026945435497909783,0.3702515220642084,0.4269852232830549
167,PORT-ELISABETH,0.04034821689128876,1.6494101285934448,0.047490204758942126,0.29236168429255427,0.25381580460101966,0.06470153480768204,1.4937810897827148,0.0760299826413393,0.2614792902767644,0.2285220163240415,0.08904997259378433,1.3348182439804077,0.10172391135245562,0.25844480440020545,0.20954059525026342,0.025651030242443085,1.654329538345337,0.026945435497909783,0.3702515220642084,0.4269852232830549
168,PORT-ELISABETH,0.04034821689128876,1.6494101285934448,0.047490204758942126,0.29236168429255427,0.25381580460101966,0.06470153480768204,1.4937810897827148,0.0760299826413393,0.2614792902767644,0.2285220163240415,0.08904997259378433,1.3348182439804077,0.10172391135245562,0.25844480440020545,0.20954059525026342,0.025651030242443085,1.654329538345337,0.026945435497909783,0.3702515220642084,0.4269852232830549
169,PORT-ELISABETH,0.04034821689128876,1.6494101285934448,0.047490204758942126,0.29236168429255427,0.25381580460101966,0.06470153480768204,1.4937810897827148,0.0760299826413393,0.2614792902767644,0.2285220163240415,0.08904997259378433,1.3348182439804077,0.10172391135245562,0.25844480440020545,0.20954059525026342,0.025651030242443085,1.654329538345337,0.026945435497909783,0.3702515220642084,0.4269852232830549
170,RIO-JANEIRO,0.027553051710128784,1.0312650203704834,0.03914076829329133,0.448417199701069,0.21537726077961408,0.049225110560655594,0.8695388436317444,0.06277038149535656,0.4171793003380276,0.20250715139222222,0.069769486784935,0.8336613774299622,0.0818844635784626,0.39151595398783473,0.19315915135547418,0.018028102815151215,1.0026272535324097,0.022801680490374565,0.4699787129461748,0.42807885334867696
171,RIO-JANEIRO,0.027553051710128784,1.0312650203704834,0.03914076829329133,0.448417199701069,0.21537726077961408,0.049225110560655594,0.8695388436317444,0.06277038149535656,0.4171793003380276,0.20250715139222222,0.069769486784935,0.8336613774299622,0.0818844635784626,0.39151595398783473,0.19315915135547418,0.018028102815151215,1.0026272535324097,0.022801680490374565,0.4699787129461748,0.42807885334867696
172,RIO-JANEIRO,0.027553051710128784,1.0312650203704834,0.03914076829329133,0.448417199701069,0.21537726077961408,0.049225110560655594,0.8695388436317444,0.06277038149535656,0.4171793003380276,0.20250715139222222,0.069769486784935,0.8336613774299622,0.0818844635784626,0.39151595398783473,0.19315915135547418,0.018028102815151215,1.0026272535324097,0.022801680490374565,0.4699787129461748,0.42807885334867696
173,RIO-JANEIRO,0.027553051710128784,1.0312650203704834,0.03914076829329133,0.448417199701069,0.21537726077961408,0.049225110560655594,0.8695388436317444,0.06277038149535656,0.4171793003380276,0.20250715139222222,0.069769486784935,0.8336613774299622,0.0818844635784626,0.39151595398783473,0.19315915135547418,0.018028102815151215,1.0026272535324097,0.022801680490374565,0.4699787129461748,0.42807885334867696
174,RIO-JANEIRO,0.027553051710128784,1.0312650203704834,0.03914076829329133,0.448417199701069,0.21537726077961408,0.049225110560655594,0.8695388436317444,0.06277038149535656,0.4171793003380276,0.20250715139222222,0.069769486784935,0.8336613774299622,0.0818844635784626,0.39151595398783473,0.19315915135547418,0.018028102815151215,1.0026272535324097,0.022801680490374565,0.4699787129461748,0.42807885334867696
175,RIO-JANEIRO,0.027553051710128784,1.0312650203704834,0.03914076829329133,0.448417199701069,0.21537726077961408,0.049225110560655594,0.8695388436317444,0.06277038149535656,0.4171793003380276,0.20250715139222222,0.069769486784935,0.8336613774299622,0.0818844635784626,0.39151595398783473,0.19315915135547418,0.018028102815151215,1.0026272535324097,0.022801680490374565,0.4699787129461748,0.42807885334867696
176,RIO-JANEIRO,0.027553051710128784,1.0312650203704834,0.03914076829329133,0.448417199701069,0.21537726077961408,0.049225110560655594,0.8695388436317444,0.06277038149535656,0.4171793003380276,0.20250715139222222,0.069769486784935,0.8336613774299622,0.0818844635784626,0.39151595398783473,0.19315915135547418,0.018028102815151215,1.0026272535324097,0.022801680490374565,0.4699787129461748,0.42807885334867696
177,RIO-JANEIRO,0.027553051710128784,1.0312650203704834,0.03914076829329133,0.448417199701069,0.21537726077961408,0.049225110560655594,0.8695388436317444,0.06277038149535656,0.4171793003380276,0.20250715139222222,0.069769486784935,0.8336613774299622,0.0818844635784626,0.39151595398783473,0.19315915135547418,0.018028102815151215,1.0026272535324097,0.022801680490374565,0.4699787129461748,0.42807885334867696
178,RIO-JANEIRO,0.027553051710128784,1.0312650203704834,0.03914076829329133,0.448417199701069,0.21537726077961408,0.049225110560655594,0.8695388436317444,0.06277038149535656,0.4171793003380276,0.20250715139222222,0.069769486784935,0.8336613774299622,0.0818844635784626,0.39151595398783473,0.19315915135547418,0.018028102815151215,1.0026272535324097,0.022801680490374565,0.4699787129461748,0.42807885334867696
179,RIO-JANEIRO,0.027553051710128784,1.0312650203704834,0.03914076829329133,0.448417199701069,0.21537726077961408,0.049225110560655594,0.8695388436317444,0.06277038149535656,0.4171793003380276,0.20250715139222222,0.069769486784935,0.8336613774299622,0.0818844635784626,0.39151595398783473,0.19315915135547418,0.018028102815151215,1.0026272535324097,0.022801680490374565,0.4699787129461748,0.42807885334867696
180,SAN-FRANCISCO,0.027127670124173164,1.5286542177200317,0.029898423617705703,0.45025108113884715,0.14440022470466438,0.04860323294997215,1.3973358869552612,0.05389680190011859,0.42700072705745473,0.1458610095561848,0.0763687789440155,1.3261646032333374,0.08270055800676346,0.4191011704504486,0.13719545704679273,0.012218569405376911,1.6595770120620728,0.015167636796832085,0.49325205549597695,0.23180299943307472
181,SAN-FRANCISCO,0.027127670124173164,1.5286542177200317,0.029898423617705703,0.45025108113884715,0.14440022470466438,0.04860323294997215,1.3973358869552612,0.05389680190011859,0.42700072705745473,0.1458610095561848,0.0763687789440155,1.3261646032333374,0.08270055800676346,0.4191011704504486,0.13719545704679273,0.012218569405376911,1.6595770120620728,0.015167636796832085,0.49325205549597695,0.23180299943307472
182,SAN-FRANCISCO,0.027127670124173164,1.5286542177200317,0.029898423617705703,0.45025108113884715,0.14440022470466438,0.04860323294997215,1.3973358869552612,0.05389680190011859,0.42700072705745473,0.1458610095561848,0.0763687789440155,1.3261646032333374,0.08270055800676346,0.4191011704504486,0.13719545704679273,0.012218569405376911,1.6595770120620728,0.015167636796832085,0.49325205549597695,0.23180299943307472
183,SAN-FRANCISCO,0.027127670124173164,1.5286542177200317,0.029898423617705703,0.45025108113884715,0.14440022470466438,0.04860323294997215,1.3973358869552612,0.05389680190011859,0.42700072705745473,0.1458610095561848,0.0763687789440155,1.3261646032333374,0.08270055800676346,0.4191011704504486,0.13719545704679273,0.012218569405376911,1.6595770120620728,0.015167636796832085,0.49325205549597695,0.23180299943307472
184,SAN-FRANCISCO,0.027127670124173164,1.5286542177200317,0.029898423617705703,0.45025108113884715,0.14440022470466438,0.04860323294997215,1.3973358869552612,0.05389680190011859,0.42700072705745473,0.1458610095561848,0.0763687789440155,1.3261646032333374,0.08270055800676346,0.4191011704504486,0.13719545704679273,0.012218569405376911,1.6595770120620728,0.015167636796832085,0.49325205549597695,0.23180299943307472
185,SAN-FRANCISCO,0.027127670124173164,1.5286542177200317,0.029898423617705703,0.45025108113884715,0.14440022470466438,0.04860323294997215,1.3973358869552612,0.05389680190011859,0.42700072705745473,0.1458610095561848,0.0763687789440155,1.3261646032333374,0.08270055800676346,0.4191011704504486,0.13719545704679273,0.012218569405376911,1.6595770120620728,0.015167636796832085,0.49325205549597695,0.23180299943307472
186,SAN-FRANCISCO,0.027127670124173164,1.5286542177200317,0.029898423617705703,0.45025108113884715,0.14440022470466438,0.04860323294997215,1.3973358869552612,0.05389680190011859,0.42700072705745473,0.1458610095561848,0.0763687789440155,1.3261646032333374,0.08270055800676346,0.4191011704504486,0.13719545704679273,0.012218569405376911,1.6595770120620728,0.015167636796832085,0.49325205549597695,0.23180299943307472
187,SAN-FRANCISCO,0.027127670124173164,1.5286542177200317,0.029898423617705703,0.45025108113884715,0.14440022470466438,0.04860323294997215,1.3973358869552612,0.05389680190011859,0.42700072705745473,0.1458610095561848,0.0763687789440155,1.3261646032333374,0.08270055800676346,0.4191011704504486,0.13719545704679273,0.012218569405376911,1.6595770120620728,0.015167636796832085,0.49325205549597695,0.23180299943307472
188,SAN-FRANCISCO,0.027127670124173164,1.5286542177200317,0.029898423617705703,0.45025108113884715,0.14440022470466438,0.04860323294997215,1.3973358869552612,0.05389680190011859,0.42700072705745473,0.1458610095561848,0.0763687789440155,1.3261646032333374,0.08270055800676346,0.4191011704504486,0.13719545704679273,0.012218569405376911,1.6595770120620728,0.015167636796832085,0.49325205549597695,0.23180299943307472
189,SAN-FRANCISCO,0.027127670124173164,1.5286542177200317,0.029898423617705703,0.45025108113884715,0.14440022470466438,0.04860323294997215,1.3973358869552612,0.05389680190011859,0.42700072705745473,0.1458610095561848,0.0763687789440155,1.3261646032333374,0.08270055800676346,0.4191011704504486,0.13719545704679273,0.012218569405376911,1.6595770120620728,0.015167636796832085,0.49325205549597695,0.23180299943307472
190,SHANGHAI,0.033561158925294876,1.186447024345398,0.041115500032901764,0.38392848744988417,0.22471918627735846,0.05480976402759552,1.1263232231140137,0.06229429520666599,0.3646665610373018,0.22199099585674356,0.07689648121595383,1.0809321403503418,0.08681989561766386,0.34133013278245916,0.2014202062201005,0.022509397938847542,1.1853352785110474,0.03611216250807047,0.4604277868568897,0.33936482693914194
191,SHANGHAI,0.033561158925294876,1.186447024345398,0.041115500032901764,0.38392848744988417,0.22471918627735846,0.05480976402759552,1.1263232231140137,0.06229429520666599,0.3646665610373018,0.22199099585674356,0.07689648121595383,1.0809321403503418,0.08681989561766386,0.34133013278245916,0.2014202062201005,0.022509397938847542,1.1853352785110474,0.03611216250807047,0.4604277868568897,0.33936482693914194
192,SHANGHAI,0.033561158925294876,1.186447024345398,0.041115500032901764,0.38392848744988417,0.22471918627735846,0.05480976402759552,1.1263232231140137,0.06229429520666599,0.3646665610373018,0.22199099585674356,0.07689648121595383,1.0809321403503418,0.08681989561766386,0.34133013278245916,0.2014202062201005,0.022509397938847542,1.1853352785110474,0.03611216250807047,0.4604277868568897,0.33936482693914194
193,SHANGHAI,0.033561158925294876,1.186447024345398,0.041115500032901764,0.38392848744988417,0.22471918627735846,0.05480976402759552,1.1263232231140137,0.06229429520666599,0.3646665610373018,0.22199099585674356,0.07689648121595383,1.0809321403503418,0.08681989561766386,0.34133013278245916,0.2014202062201005,0.022509397938847542,1.1853352785110474,0.03611216250807047,0.4604277868568897,0.33936482693914194
194,SHANGHAI,0.033561158925294876,1.186447024345398,0.041115500032901764,0.38392848744988417,0.22471918627735846,0.05480976402759552,1.1263232231140137,0.06229429520666599,0.3646665610373018,0.22199099585674356,0.07689648121595383,1.0809321403503418,0.08681989561766386,0.34133013278245916,0.2014202062201005,0.022509397938847542,1.1853352785110474,0.03611216250807047,0.4604277868568897,0.33936482693914194
195,SHANGHAI,0.033561158925294876,1.186447024345398,0.041115500032901764,0.38392848744988417,0.22471918627735846,0.05480976402759552,1.1263232231140137,0.06229429520666599,0.3646665610373018,0.22199099585674356,0.07689648121595383,1.0809321403503418,0.08681989561766386,0.34133013278245916,0.2014202062201005,0.022509397938847542,1.1853352785110474,0.03611216250807047,0.4604277868568897,0.33936482693914194
196,SHANGHAI,0.033561158925294876,1.186447024345398,0.041115500032901764,0.38392848744988417,0.22471918627735846,0.05480976402759552,1.1263232231140137,0.06229429520666599,0.3646665610373018,0.22199099585674356,0.07689648121595383,1.0809321403503418,0.08681989561766386,0.34133013278245916,0.2014202062201005,0.022509397938847542,1.1853352785110474,0.03611216250807047,0.4604277868568897,0.33936482693914194
197,SHANGHAI,0.033561158925294876,1.186447024345398,0.041115500032901764,0.38392848744988417,0.22471918627735846,0.05480976402759552,1.1263232231140137,0.06229429520666599,0.3646665610373018,0.22199099585674356,0.07689648121595383,1.0809321403503418,0.08681989561766386,0.34133013278245916,0.2014202062201005,0.022509397938847542,1.1853352785110474,0.03611216250807047,0.4604277868568897,0.33936482693914194
198,SHANGHAI,0.033561158925294876,1.186447024345398,0.041115500032901764,0.38392848744988417,0.22471918627735846,0.05480976402759552,1.1263232231140137,0.06229429520666599,0.3646665610373018,0.22199099585674356,0.07689648121595383,1.0809321403503418,0.08681989561766386,0.34133013278245916,0.2014202062201005,0.022509397938847542,1.1853352785110474,0.03611216250807047,0.4604277868568897,0.33936482693914194
199,SHANGHAI,0.033561158925294876,1.186447024345398,0.041115500032901764,0.38392848744988417,0.22471918627735846,0.05480976402759552,1.1263232231140137,0.06229429520666599,0.3646665610373018,0.22199099585674356,0.07689648121595383,1.0809321403503418,0.08681989561766386,0.34133013278245916,0.2014202062201005,0.022509397938847542,1.1853352785110474,0.03611216250807047,0.4604277868568897,0.33936482693914194
200,TIANJIN,0.0608561672270298,0.8927419781684875,0.06611016232520342,0.27042553693056104,0.24616880919351575,0.08471882343292236,0.7861260175704956,0.09575442913919688,0.25103446230292314,0.23775558387233584,0.10352638363838196,0.677850067615509,0.11777418851852417,0.2465104558318853,0.21499708814380802,0.03571435436606407,1.1328775882720947,0.03691543931141496,0.3086948885023594,0.32160339921323466
201,TIANJIN,0.0608561672270298,0.8927419781684875,0.06611016232520342,0.27042553693056104,0.24616880919351575,0.08471882343292236,0.7861260175704956,0.09575442913919688,0.25103446230292314,0.23775558387233584,0.10352638363838196,0.677850067615509,0.11777418851852417,0.2465104558318853,0.21499708814380802,0.03571435436606407,1.1328775882720947,0.03691543931141496,0.3086948885023594,0.32160339921323466
202,TIANJIN,0.0608561672270298,0.8927419781684875,0.06611016232520342,0.27042553693056104,0.24616880919351575,0.08471882343292236,0.7861260175704956,0.09575442913919688,0.25103446230292314,0.23775558387233584,0.10352638363838196,0.677850067615509,0.11777418851852417,0.2465104558318853,0.21499708814380802,0.03571435436606407,1.1328775882720947,0.03691543931141496,0.3086948885023594,0.32160339921323466
203,TIANJIN,0.0608561672270298,0.8927419781684875,0.06611016232520342,0.27042553693056104,0.24616880919351575,0.08471882343292236,0.7861260175704956,0.09575442913919688,0.25103446230292314,0.23775558387233584,0.10352638363838196,0.677850067615509,0.11777418851852417,0.2465104558318853,0.21499708814380802,0.03571435436606407,1.1328775882720947,0.03691543931141496,0.3086948885023594,0.32160339921323466
204,TIANJIN,0.0608561672270298,0.8927419781684875,0.06611016232520342,0.27042553693056104,0.24616880919351575,0.08471882343292236,0.7861260175704956,0.09575442913919688,0.25103446230292314,0.23775558387233584,0.10352638363838196,0.677850067615509,0.11777418851852417,0.2465104558318853,0.21499708814380802,0.03571435436606407,1.1328775882720947,0.03691543931141496,0.3086948885023594,0.32160339921323466
205,TIANJIN,0.0608561672270298,0.8927419781684875,0.06611016232520342,0.27042553693056104,0.24616880919351575,0.08471882343292236,0.7861260175704956,0.09575442913919688,0.25103446230292314,0.23775558387233584,0.10352638363838196,0.677850067615509,0.11777418851852417,0.2465104558318853,0.21499708814380802,0.03571435436606407,1.1328775882720947,0.03691543931141496,0.3086948885023594,0.32160339921323466
206,TIANJIN,0.0608561672270298,0.8927419781684875,0.06611016232520342,0.27042553693056104,0.24616880919351575,0.08471882343292236,0.7861260175704956,0.09575442913919688,0.25103446230292314,0.23775558387233584,0.10352638363838196,0.677850067615509,0.11777418851852417,0.2465104558318853,0.21499708814380802,0.03571435436606407,1.1328775882720947,0.03691543931141496,0.3086948885023594,0.32160339921323466
207,TIANJIN,0.0608561672270298,0.8927419781684875,0.06611016232520342,0.27042553693056104,0.24616880919351575,0.08471882343292236,0.7861260175704956,0.09575442913919688,0.25103446230292314,0.23775558387233584,0.10352638363838196,0.677850067615509,0.11777418851852417,0.2465104558318853,0.21499708814380802,0.03571435436606407,1.1328775882720947,0.03691543931141496,0.3086948885023594,0.32160339921323466
208,TIANJIN,0.0608561672270298,0.8927419781684875,0.06611016232520342,0.27042553693056104,0.24616880919351575,0.08471882343292236,0.7861260175704956,0.09575442913919688,0.25103446230292314,0.23775558387233584,0.10352638363838196,0.677850067615509,0.11777418851852417,0.2465104558318853,0.21499708814380802,0.03571435436606407,1.1328775882720947,0.03691543931141496,0.3086948885023594,0.32160339921323466
209,TIANJIN,0.0608561672270298,0.8927419781684875,0.06611016232520342,0.27042553693056104,0.24616880919351575,0.08471882343292236,0.7861260175704956,0.09575442913919688,0.25103446230292314,0.23775558387233584,0.10352638363838196,0.677850067615509,0.11777418851852417,0.2465104558318853,0.21499708814380802,0.03571435436606407,1.1328775882720947,0.03691543931141496,0.3086948885023594,0.32160339921323466
